{
  "name": "mls",
  "version": "0.1.0",
  "private": true,
  "scripts": {
    "serve": "vue-cli-service serve",
    "build": "vue-cli-service build",
    "lint": "vue-cli-service lint"
  },
  "dependencies": {
    "core-js": "^2.6.5",
    "css-base": "^1.0.0",
    "css-loader": "^6.7.1",
    "prerender-spa-plugin": "^3.4.0",
    "sass-loader": "^13.0.2",
    "style-loader": "^3.3.1",
    "vue": "^2.6.10",
    "vue-router": "^3.0.3",
    "vue-style-loader": "^4.1.3",
    "vuex": "^3.0.1"
  },
  "devDependencies": {
    "@vue/cli-plugin-babel": "^3.12.0",
    "@vue/cli-plugin-eslint": "^3.12.0",
    "@vue/cli-service": "^3.12.0",
    "babel-eslint": "^10.0.1",
    "eslint": "^5.16.0",
    "eslint-plugin-vue": "^5.0.0",
    "node-sass": "^4.12.0",
    "sass-loader": "^8.0.0",
    "vue-template-compiler": "^2.6.10"
  }
}
